{
  "Parity Check": {
    "error_rates": [
      0.01,
      0.02,
      0.03,
      0.04,
      0.05,
      0.06,
      0.07,
      0.08,
      0.09,
      0.1,
      0.11,
      0.12,
      0.13,
      0.14,
      0.15,
      0.16,
      0.17,
      0.18,
      0.19,
      0.2
    ],
    "detection_rates": [
      0.592275,
      0.539543,
      0.47138,
      0.505017,
      0.488333,
      0.512521,
      0.533333,
      0.503333,
      0.5,
      0.488333,
      0.496667,
      0.491667,
      0.473333,
      0.511667,
      0.496667,
      0.493333,
      0.468333,
      0.496667,
      0.436667,
      0.493333
    ],
    "undetected_rates": [
      0.407725,
      0.460457,
      0.52862,
      0.494983,
      0.511667,
      0.487479,
      0.466667,
      0.496667,
      0.5,
      0.511667,
      0.503333,
      0.508333,
      0.526667,
      0.488333,
      0.503333,
      0.506667,
      0.531667,
      0.503333,
      0.563333,
      0.506667
    ]
  },
  "Checksum": {
    "error_rates": [
      0.01,
      0.02,
      0.03,
      0.04,
      0.05,
      0.06,
      0.07,
      0.08,
      0.09,
      0.1,
      0.11,
      0.12,
      0.13,
      0.14,
      0.15,
      0.16,
      0.17,
      0.18,
      0.19,
      0.2
    ],
    "detection_rates": [
      0.995763,
      0.994774,
      0.994983,
      0.998325,
      1.0,
      0.998331,
      1.0,
      1.0,
      1.0,
      1.0,
      1.0,
      1.0,
      1.0,
      1.0,
      1.0,
      1.0,
      1.0,
      1.0,
      1.0,
      1.0
    ],
    "undetected_rates": [
      0.004237,
      0.005226,
      0.005017,
      0.001675,
      0.0,
      0.001669,
      0.0,
      0.0,
      0.0,
      0.0,
      0.0,
      0.0,
      0.0,
      0.0,
      0.0,
      0.0,
      0.0,
      0.0,
      0.0,
      0.0
    ]
  },
  "CRC-16": {
    "error_rates": [
      0.01,
      0.02,
      0.03,
      0.04,
      0.05,
      0.06,
      0.07,
      0.08,
      0.09,
      0.1,
      0.11,
      0.12,
      0.13,
      0.14,
      0.15,
      0.16,
      0.17,
      0.18,
      0.19,
      0.2
    ],
    "detection_rates": [
      1.0,
      1.0,
      1.0,
      1.0,
      1.0,
      1.0,
      1.0,
      1.0,
      1.0,
      1.0,
      1.0,
      1.0,
      1.0,
      1.0,
      1.0,
      1.0,
      1.0,
      0.998333,
      1.0,
      1.0
    ],
    "undetected_rates": [
      0.0,
      0.0,
      0.0,
      0.0,
      0.0,
      0.0,
      0.0,
      0.0,
      0.0,
      0.0,
      0.0,
      0.0,
      0.0,
      0.0,
      0.0,
      0.0,
      0.0,
      0.001667,
      0.0,
      0.0
    ]
  }
}